Player,Span,Mat,Overs,Mdns,Balls,Runs,Wkts,BBI,Ave,Econ,SR,4,5,10
AC Gilchrist (DCH/KXIP),2008-2013,80,0.1,0,1,0,1,1/0,0.00,0.00,1.00,0,0,0
Sachin Baby (RCB/RR),2013-2021,19,1.4,0,10,8,2,2/4,4.00,4.80,5.00,0,0,0
AM Rahane (CSK/DC/KKR/MI/RPS/RR),2008-2024,185,1.0,0,6,5,1,1/5,5.00,5.00,6.00,0,0,0
LA Carseldine (RR),2009-2009,5,1.0,0,6,6,1,1/6,6.00,6.00,6.00,0,0,0
SS Mundhe (PWI),2011-2011,1,1.0,0,6,6,1,1/6,6.00,6.00,6.00,0,0,0
T Stubbs (DC/MI),2022-2024,18,4.0,0,24,29,4,2/11,7.25,7.25,6.00,0,0,0
D Brevis (MI),2022-2024,10,0.3,0,3,8,1,1/8,8.00,16.00,3.00,0,0,0
Ramandeep Singh (KKR/MI),2022-2024,20,6.4,0,40,63,6,3/20,10.50,9.45,6.66,0,0,0
DAJ Bracewell (DC),2012-2012,1,4.0,0,24,32,3,3/32,10.66,8.00,8.00,0,0,0
Shoaib Akhtar (KKR),2008-2008,3,7.0,0,42,54,5,4/11,10.80,7.71,8.40,1,0,0
Sohail Tanvir (RR),2008-2008,11,41.1,0,247,266,22,6/14,12.09,6.46,11.22,1,1,0
MP Yadav (LSG),2024-2024,4,12.1,0,73,85,7,3/14,12.14,6.98,10.42,0,0,0
DJ Thornely (MI),2008-2008,6,7.0,0,42,40,3,2/7,13.33,5.71,14.00,0,0,0
D du Preez (RCB),2009-2009,2,7.0,1,42,56,4,3/32,14.00,8.00,10.50,0,0,0
CK Langeveldt (KKR/RCB),2009-2011,7,26.0,0,156,187,13,3/15,14.38,7.19,12.00,0,0,0
NB Singh (GL),2017-2017,2,4.0,0,24,15,1,1/7,15.00,3.75,24.00,0,0,0
Umar Gul (KKR),2008-2008,6,22.3,1,135,184,12,4/23,15.33,8.17,11.25,1,0,0
O Thomas (RR),2019-2019,4,10.0,0,60,79,5,2/6,15.80,7.90,12.00,0,0,0
MG Bracewell (RCB),2023-2023,5,11.0,0,66,95,6,2/13,15.83,8.63,11.00,0,0,0
MA Wood (CSK/LSG),2018-2023,5,20.0,1,120,179,11,5/14,16.27,8.95,10.90,0,1,0
S Dhawan (DC/DCH/MI/PBKS/SRH),2008-2024,222,8.0,0,48,66,4,1/7,16.50,8.25,12.00,0,0,0
CRD Fernando (MI),2008-2010,10,39.0,0,234,294,17,4/18,17.29,7.53,13.76,1,0,0
M Pathirana (CSK),2022-2024,20,75.1,0,451,592,34,4/28,17.41,7.87,13.26,1,0,0
BJ Hodge (KKR/Kochi/RR),2008-2014,66,39.0,0,234,303,17,4/13,17.82,7.76,13.76,1,0,0
L Ngidi (CSK),2018-2021,14,54.0,2,324,448,25,4/10,17.92,8.29,12.96,1,0,0
JM Kemp (CSK),2010-2010,5,7.2,0,44,54,3,3/12,18.00,7.36,14.66,0,0,0
A Badoni (LSG),2022-2024,42,4.1,0,25,36,2,1/5,18.00,8.64,12.50,0,0,0
V Kaverappa (PBKS),2024-2024,1,4.0,0,24,36,2,2/36,18.00,9.00,12.00,0,0,0
DE Bollinger (CSK),2010-2012,27,96.0,3,576,693,37,4/13,18.72,7.21,15.56,1,0,0
AD Mascarenhas (KXIP/RR),2008-2013,13,51.2,1,308,356,19,5/25,18.73,6.93,16.21,0,1,0
PH Solanki (CSK),2022-2022,2,6.0,0,36,38,2,2/20,19.00,6.33,18.00,0,0,0
DJM Short (RR),2018-2018,7,3.0,0,18,19,1,1/10,19.00,6.33,18.00,0,0,0
A Zampa (RCB/RPS/RR),2016-2023,20,69.5,0,419,558,29,6/19,19.24,7.99,14.44,0,1,0
MF Maharoof (DC),2008-2010,20,70.0,0,420,520,27,3/34,19.25,7.42,15.55,0,0,0
Gurkeerat Singh (KXIP/RCB),2012-2020,41,13.0,0,78,97,5,2/15,19.40,7.46,15.60,0,0,0
KA Maharaj (RR),2024-2024,2,6.0,0,36,39,2,2/23,19.50,6.50,18.00,0,0,0
WPUJC Vaas (DCH),2008-2010,13,47.0,2,282,355,18,3/21,19.72,7.55,15.66,0,0,0
SL Malinga (MI),2009-2019,122,471.1,8,2827,3365,170,5/13,19.79,7.14,16.62,6,1,0
R Sai Kishore (GT),2022-2024,10,31.0,0,186,258,13,4/33,19.84,8.32,14.30,1,0,0
RS Hangargekar (CSK),2023-2023,2,6.0,0,36,60,3,3/36,20.00,10.00,12.00,0,0,0
GD Phillips (RR/SRH),2021-2023,8,5.0,0,30,40,2,1/10,20.00,8.00,15.00,0,0,0
T Thushara (CSK),2009-2010,6,22.3,0,135,161,8,2/16,20.12,7.15,16.87,0,0,0
PD Collingwood (DC),2010-2010,8,14.5,0,89,101,5,2/19,20.20,6.80,17.80,0,0,0
YA Abdulla (KXIP),2009-2010,11,34.5,1,209,307,15,4/31,20.46,8.81,13.93,2,0,0
N Burger (RR),2024-2024,6,17.0,0,102,145,7,2/29,20.71,8.52,14.57,0,0,0
Imran Tahir (CSK/DC/RPS),2014-2021,59,219.2,1,1316,1703,82,4/12,20.76,7.76,16.04,3,0,0
R Rampaul (RCB),2013-2014,12,43.4,4,262,298,14,3/31,21.28,6.82,18.71,0,0,0
PW Hasaranga (RCB),2021-2023,26,92.0,1,552,748,35,5/18,21.37,8.13,15.77,1,1,0
MR Marsh (DC/DCH/PWI/RPS/SRH),2010-2024,42,93.2,1,560,795,37,4/25,21.48,8.51,15.13,2,0,0
R Ninan (RCB),2011-2011,2,6.0,0,36,65,3,2/31,21.66,10.83,12.00,0,0,0
BW Hilfenhaus (CSK),2012-2014,17,62.0,2,372,479,22,3/27,21.77,7.72,16.90,0,0,0
Rashid Khan (GT/SRH),2017-2024,121,476.3,4,2859,3252,149,4/24,21.82,6.82,19.18,2,0,0
CR Woakes (DC/KKR/RCB),2017-2021,21,73.2,0,440,658,30,3/6,21.93,8.97,14.66,0,0,0
K Rabada (DC/PBKS),2017-2024,80,303.0,2,1818,2570,117,4/21,21.96,8.48,15.53,6,0,0
A Ashish Reddy (DCH/SRH),2012-2016,31,43.4,0,262,396,18,3/25,22.00,9.06,14.55,0,0,0
A Chandila (RR),2012-2013,12,39.0,0,234,242,11,4/13,22.00,6.20,21.27,1,0,0
JW Hastings (CSK/KKR),2014-2016,3,9.4,1,58,66,3,2/6,22.00,6.82,19.33,0,0,0
S Vidyut (CSK),2008-2008,9,2.0,0,12,22,1,1/22,22.00,11.00,12.00,0,0,0
A Singh (RR),2009-2012,23,78.5,1,473,620,28,4/19,22.14,7.86,16.89,1,0,0
MA Starc (KKR/RCB),2014-2024,41,138.3,1,831,1137,51,4/15,22.29,8.20,16.29,2,0,0
A Madhwal (MI),2023-2024,13,43.4,0,262,424,19,5/5,22.31,9.70,13.78,1,1,0
AP Dole (RR),2010-2010,3,11.0,0,66,112,5,2/36,22.40,10.18,13.20,0,0,0
IS Sodhi (RR),2018-2019,8,30.1,1,181,202,9,3/26,22.44,6.69,20.11,0,0,0
YS Chahal (MI/RCB/RR),2013-2024,160,586.5,4,3521,4602,205,5/40,22.44,7.84,17.17,6,1,0
S Lamichhane (DC),2018-2019,9,35.0,0,210,292,13,3/36,22.46,8.34,16.15,0,0,0
JJ Bumrah (MI),2013-2024,133,508.5,8,3053,3715,165,5/10,22.51,7.30,18.50,2,2,0
OC McCoy (RR),2022-2023,8,26.5,0,161,250,11,3/23,22.72,9.31,14.63,0,0,0
NM Coulter-Nile (DC/KKR/MI/RR),2013-2022,39,142.5,1,857,1100,48,4/14,22.91,7.70,17.85,2,0,0
KK Cooper (RR),2012-2014,25,96.0,1,576,757,33,4/26,22.93,7.88,17.45,1,0,0
MM Patel (GL/MI/RR),2008-2017,63,225.5,5,1355,1698,74,5/21,22.94,7.51,18.31,2,1,0
AD Russell (DC/KKR),2012-2024,127,282.5,0,1697,2646,115,5/15,23.00,9.35,14.75,2,1,0
S Aravind (RCB),2011-2017,38,126.4,0,760,1039,45,4/14,23.08,8.20,16.88,2,0,0
JR Hazlewood (CSK/RCB),2020-2023,27,100.3,1,603,810,35,4/25,23.14,8.05,17.22,1,0,0
SMSM Senanayake (KKR),2013-2013,8,32.0,1,192,209,9,2/26,23.22,6.53,21.33,0,0,0
Harshit Rana (KKR),2022-2024,21,64.1,1,385,581,25,3/24,23.24,9.05,15.40,0,0,0
RJ Harris (DCH/KXIP),2009-2013,37,138.4,3,832,1047,45,4/34,23.26,7.55,18.48,1,0,0
AJ Tye (GL/KXIP/LSG/RR),2017-2022,30,114.0,0,684,979,42,5/17,23.30,8.58,16.28,3,1,0
HV Patel (DC/PBKS/RCB),2012-2024,106,360.1,2,2161,3149,135,5/27,23.32,8.74,16.00,2,1,0
RJ Peterson (MI),2012-2012,5,8.0,0,48,70,3,3/37,23.33,8.75,16.00,0,0,0
A Kumble (RCB),2008-2010,42,160.5,1,965,1058,45,5/5,23.51,6.57,21.44,2,1,0
A Nehra (CSK/DC/MI/PWI/SRH),2008-2017,88,318.0,2,1908,2495,106,4/10,23.53,7.84,18.00,1,0,0
Naveen-ul-Haq (LSG),2023-2024,18,64.3,0,387,591,25,4/38,23.64,9.16,15.48,1,0,0
RE van der Merwe (DC/RCB),2009-2013,21,73.5,1,443,498,21,3/20,23.71,6.74,21.09,0,0,0
AB McDonald (DC/RCB),2009-2013,11,31.0,0,186,261,11,2/25,23.72,8.41,16.90,0,0,0
VY Mahesh (CSK/DC),2008-2012,18,56.3,0,339,499,21,4/36,23.76,8.83,16.14,1,0,0
A Mishra (DC/DCH/LSG/SRH),2008-2024,162,561.5,6,3371,4145,174,5/17,23.82,7.37,19.37,4,1,0
DJ Bravo (CSK/GL/MI),2008-2022,161,519.5,3,3119,4360,183,4/22,23.82,8.38,17.04,2,0,0
KMDN Kulasekara (CSK),2011-2012,6,17.0,0,102,120,5,2/10,24.00,7.05,20.40,0,0,0
CV Varun (KKR/KXIP),2019-2024,71,264.4,1,1588,2002,83,5/20,24.12,7.56,19.13,1,1,0
Azhar Mahmood (KKR/KXIP),2012-2015,23,89.3,0,537,700,29,3/20,24.13,7.82,18.51,0,0,0
CH Morris (CSK/DC/RCB/RR),2013-2021,81,286.4,1,1720,2295,95,4/23,24.15,8.00,18.10,4,0,0
WA Mota (KXIP),2008-2009,12,12.0,0,72,97,4,1/6,24.25,8.08,18.00,0,0,0
SM Harwood (RR),2009-2009,3,10.0,0,60,73,3,2/25,24.33,7.30,20.00,0,0,0
JC Archer (MI/RR),2018-2023,40,157.3,2,945,1171,48,3/15,24.39,7.43,19.68,0,0,0
JEC Franklin (MI),2011-2012,20,25.1,0,151,220,9,2/18,24.44,8.74,16.77,0,0,0
MM Sharma (CSK/DC/GT/KXIP),2013-2024,112,375.3,0,2253,3256,132,5/10,24.66,8.67,17.06,3,1,0
DG Nalkande (GT),2022-2024,6,14.0,0,84,148,6,2/21,24.66,10.57,14.00,0,0,0
GB Hogg (KKR/RR),2012-2016,21,76.2,1,458,570,23,4/29,24.78,7.46,19.91,1,0,0
KW Richardson (PWI/RCB/RR),2013-2021,15,55.5,0,335,472,19,3/13,24.84,8.45,17.63,0,0,0
SE Bond (KKR),2010-2010,8,31.0,1,186,224,9,2/24,24.88,7.22,20.66,0,0,0
Kamran Khan (PWI/RR),2009-2011,9,26.4,0,160,224,9,3/18,24.88,8.40,17.77,0,0,0
P Parameswaran (Kochi/RCB),2011-2012,8,25.4,0,154,224,9,3/30,24.88,8.72,17.11,0,0,0
Shahid Afridi (DCH),2008-2008,10,30.0,0,180,225,9,3/28,25.00,7.50,20.00,0,0,0
L Ablish (KXIP),2010-2011,3,7.0,0,42,75,3,2/17,25.00,10.71,14.00,0,0,0
Shashank Singh (PBKS/SRH),2022-2024,24,3.0,0,18,25,1,1/5,25.00,8.33,18.00,0,0,0
Anand Rajan (DCH/SRH),2011-2013,8,24.5,0,149,201,8,3/27,25.12,8.09,18.62,0,0,0
N Rana (KKR/MI),2016-2024,107,30.0,0,180,252,10,2/11,25.20,8.40,18.00,0,0,0
DJ Muthuswami (DC),2015-2015,6,14.0,0,84,101,4,2/18,25.25,7.21,21.00,0,0,0
SK Warne (RR),2008-2011,55,199.0,1,1194,1447,57,4/21,25.38,7.27,20.94,1,0,0
MJ McClenaghan (MI),2015-2019,56,212.2,1,1274,1803,71,4/21,25.39,8.49,17.94,1,0,0
SP Narine (KKR),2012-2024,177,679.1,3,4075,4571,180,5/19,25.39,6.73,22.63,7,1,0
KK Ahmed (DC/SRH),2018-2024,57,212.4,4,1276,1881,74,3/21,25.41,8.84,17.24,0,0,0
MA Khote (MI),2008-2008,4,5.0,0,30,51,2,2/29,25.50,10.20,15.00,0,0,0
MM Ali (CSK/RCB),2018-2024,67,126.2,0,758,893,35,4/26,25.51,7.06,21.65,1,0,0
Mohsin Khan (LSG),2022-2024,24,81.0,2,486,689,27,4/16,25.51,8.50,18.00,1,0,0
RV Gomez (Kochi/PWI),2011-2013,13,16.0,1,96,129,5,2/14,25.80,8.06,19.20,0,0,0
DW Steyn (DCH/GL/RCB/SRH),2008-2020,95,362.4,7,2176,2508,97,3/8,25.85,6.91,22.43,0,0,0
S Gopal (MI/RR/SRH),2014-2024,52,165.1,1,991,1349,52,4/16,25.94,8.16,19.05,1,0,0
RP Singh (DCH/Kochi/MI/RCB/RPS),2008-2016,82,295.5,2,1775,2338,90,4/22,25.97,7.90,19.72,2,0,0
BE Hendricks (KXIP),2014-2015,7,25.0,0,150,235,9,3/36,26.11,9.40,16.66,0,0,0
JE Taylor (PWI),2011-2011,5,19.3,0,117,157,6,3/30,26.16,8.05,19.50,0,0,0
PP Ojha (DCH/MI),2008-2015,92,316.3,1,1899,2332,89,3/11,26.20,7.36,21.33,0,0,0
G Coetzee (MI),2024-2024,10,33.3,0,201,341,13,4/34,26.23,10.17,15.46,1,0,0
A Nortje (DC),2020-2024,46,175.4,1,1054,1574,60,3/33,26.23,8.96,17.56,0,0,0
KMA Paul (DC),2019-2019,8,27.1,0,163,237,9,3/17,26.33,8.72,18.11,0,0,0
P Awana (KXIP),2012-2014,33,124.3,2,747,1029,39,4/34,26.38,8.26,19.15,1,0,0
RS Bopara (KXIP/SRH),2009-2015,24,34.2,0,206,292,11,3/31,26.54,8.50,18.72,0,0,0
PP Chawla (CSK/KKR/KXIP/MI),2008-2024,192,641.4,2,3850,5108,192,4/17,26.60,7.96,20.05,2,0,0
Umran Malik (SRH),2021-2024,26,82.1,1,493,772,29,5/25,26.62,9.39,17.00,1,1,0
Avesh Khan (DC/LSG/RCB/RR),2017-2024,63,222.3,1,1335,1974,74,4/24,26.67,8.87,18.04,1,0,0
L Balaji (CSK/KKR/KXIP),2008-2014,73,252.1,2,1513,2028,76,5/24,26.68,8.04,19.90,3,1,0
TA Boult (DC/KKR/MI/RR/SRH),2015-2024,104,389.3,11,2337,3230,121,4/18,26.69,8.29,19.31,1,0,0
Karanveer Singh (KXIP),2014-2015,9,34.0,0,204,321,12,4/54,26.75,9.44,17.00,1,0,0
WD Parnell (DC/PWI/RCB),2011-2023,33,120.3,1,723,937,35,3/10,26.77,7.77,20.65,0,0,0
Harmeet Singh (DCH/KXIP),2009-2013,27,87.3,0,525,697,26,3/24,26.80,7.96,20.19,0,0,0
Mohammed Shami (DC/GT/KKR/KXIP/PBKS),2013-2023,110,404.2,3,2426,3412,127,4/11,26.86,8.43,19.10,2,0,0
Harbhajan Singh (CSK/KKR/MI),2008-2021,163,569.2,6,3416,4030,150,5/18,26.86,7.07,22.77,1,1,0
M Muralidaran (CSK/Kochi/RCB),2008-2014,66,254.0,1,1524,1696,63,3/11,26.92,6.67,24.19,0,0,0
Arshdeep Singh (KXIP/PBKS),2019-2024,65,227.2,1,1364,2052,76,5/32,27.00,9.02,17.94,2,1,0
SM Boland (RPS),2016-2016,2,7.0,0,42,54,2,2/31,27.00,7.71,21.00,0,0,0
GR Napier (MI),2009-2009,1,4.0,0,24,27,1,1/27,27.00,6.75,24.00,0,0,0
Sandeep Sharma (KXIP/PBKS/RR/SRH),2013-2024,127,470.2,8,2822,3709,137,5/18,27.07,7.88,20.59,2,1,0
M Morkel (DC/KKR/RR),2009-2016,70,271.3,3,1629,2089,77,4/20,27.12,7.69,21.15,1,0,0
R Sharma (DC/DCH/PWI),2010-2014,44,154.4,1,928,1086,40,3/13,27.15,7.02,23.20,0,0,0
B Kumar (PWI/SRH),2011-2024,176,651.4,14,3910,4929,181,5/19,27.23,7.56,21.60,2,2,0
Z Khan (DC/MI/RCB),2008-2017,100,366.4,5,2200,2782,102,4/17,27.27,7.58,21.56,1,0,0
SM Pollock (MI),2008-2008,13,46.0,1,276,301,11,3/12,27.36,6.54,25.09,0,0,0
SB Wagh (PWI/RR),2010-2011,8,17.0,0,102,137,5,3/16,27.40,8.05,20.40,0,0,0
Kuldeep Yadav (DC/KKR),2016-2024,84,291.0,1,1746,2388,87,4/14,27.44,8.20,20.06,4,0,0
Noor Ahmad (GT),2023-2024,23,82.0,0,492,659,24,3/37,27.45,8.03,20.50,0,0,0
KV Sharma (CSK/MI/RCB/SRH),2009-2024,84,249.1,1,1495,2087,76,4/16,27.46,8.37,19.67,2,0,0
D Wiese (KKR/RCB),2015-2023,18,49.2,0,296,440,16,4/33,27.50,8.91,18.50,1,0,0
JO Holder (CSK/KKR/LSG/RR/SRH),2013-2023,46,165.5,0,995,1461,53,4/52,27.56,8.81,18.77,1,0,0
SW Tait (RR),2010-2013,21,78.5,1,473,635,23,3/13,27.60,8.05,20.56,0,0,0
P Negi (CSK/DC/RCB),2012-2019,50,119.2,0,716,939,34,4/18,27.61,7.86,21.05,1,0,0
KR Sen (RR),2022-2024,12,40.1,0,241,387,14,4/20,27.64,9.63,17.21,1,0,0
JA Morkel (CSK/DC/RCB/RPS),2008-2016,91,287.1,3,1723,2355,85,4/32,27.70,8.20,20.27,1,0,0
Iqbal Abdulla (KKR/RCB/RR),2008-2017,49,153.2,1,920,1109,40,3/24,27.72,7.23,23.00,0,0,0
MG Johnson (KKR/KXIP/MI),2013-2018,54,205.2,2,1232,1702,61,3/26,27.90,8.28,20.19,0,0,0
DB Ravi Teja (DCH/SRH),2008-2013,32,3.0,0,18,28,1,1/19,28.00,9.33,18.00,0,0,0
DP Nannes (CSK/DC/RCB),2009-2013,29,107.3,1,645,785,28,3/27,28.03,7.30,23.03,0,0,0
MJ Santner (CSK),2019-2024,18,61.0,0,366,422,15,2/13,28.13,6.91,24.40,0,0,0
Mukesh Choudhary (CSK),2022-2024,14,46.3,0,279,451,16,4/46,28.18,9.69,17.43,1,0,0
B Laughlin (CSK/RR),2013-2018,9,27.5,0,167,282,10,2/15,28.20,10.13,16.70,0,0,0
NT Ellis (PBKS),2021-2024,16,59.0,0,354,508,18,4/30,28.22,8.61,19.66,1,0,0
R Vinay Kumar (KKR/Kochi/MI/RCB),2008-2018,105,353.4,1,2122,2966,105,4/40,28.24,8.38,20.20,1,0,0
R Bhatia (DC/KKR/RPS/RR),2008-2017,95,272.4,1,1636,2020,71,4/15,28.45,7.40,23.04,1,0,0
Jaskaran Singh (DCH),2009-2010,8,17.0,0,102,171,6,2/18,28.50,10.05,17.00,0,0,0
C Nanda (MI),2009-2009,3,8.0,0,48,57,2,1/4,28.50,7.12,24.00,0,0,0
RD Chahar (MI/PBKS/RPS),2017-2024,78,277.2,1,1664,2141,75,4/27,28.54,7.71,22.18,1,0,0
AM Salvi (DC),2009-2011,7,25.0,0,150,200,7,2/19,28.57,8.00,21.42,0,0,0
B Stanlake (RCB/SRH),2017-2018,6,24.0,0,144,200,7,2/21,28.57,8.33,20.57,0,0,0
DS Kulkarni (GL/MI/RR),2008-2021,92,297.5,8,1787,2474,86,4/14,28.76,8.30,20.77,1,0,0
Simarjeet Singh (CSK),2022-2024,10,30.0,0,180,259,9,3/26,28.77,8.63,20.00,0,0,0
Yash Thakur (LSG),2023-2024,19,67.2,1,404,691,24,5/30,28.79,10.26,16.83,1,1,0
A Choudhary (RCB),2017-2017,5,16.5,2,101,144,5,2/17,28.80,8.55,20.20,0,0,0
DL Chahar (CSK/RPS),2016-2024,81,278.1,6,1669,2221,77,4/13,28.84,7.98,21.67,2,0,0
Mustafizur Rahman (CSK/DC/MI/RR/SRH),2016-2024,57,216.2,2,1298,1762,61,4/29,28.88,8.14,21.27,1,0,0
M Markande (MI/RR/SRH),2018-2024,37,120.0,0,720,1069,37,4/15,28.89,8.90,19.45,2,0,0
Mukesh Kumar (DC),2023-2024,20,66.3,0,399,694,24,3/14,28.91,10.43,16.62,0,0,0
AC Thomas (PWI),2011-2012,15,52.3,2,315,406,14,3/22,29.00,7.73,22.50,0,0,0
S Badree (CSK/RCB/RR),2013-2017,12,43.0,1,258,319,11,4/9,29.00,7.41,23.45,1,0,0
JP Behrendorff (MI),2019-2023,17,61.0,0,366,552,19,3/23,29.05,9.04,19.26,0,0,0
JL Pattinson (MI),2020-2020,10,35.3,0,213,320,11,2/19,29.09,9.01,19.36,0,0,0
Ravi Bishnoi (KXIP/LSG/PBKS),2020-2024,66,235.1,1,1411,1836,63,3/24,29.14,7.80,22.39,0,0,0
SR Watson (CSK/RCB/RR),2008-2020,145,338.1,3,2029,2682,92,4/29,29.15,7.93,22.05,1,0,0
CR Brathwaite (DC/KKR/SRH),2016-2019,16,42.2,0,254,379,13,3/47,29.15,8.95,19.53,0,0,0
Shakib Al Hasan (KKR/SRH),2011-2021,71,247.2,1,1484,1839,63,3/17,29.19,7.43,23.55,0,0,0
PC Valthaty (KXIP/RR),2009-2013,23,25.1,0,151,205,7,4/29,29.28,8.14,21.57,1,0,0
SK Trivedi (RR),2008-2013,76,251.0,2,1506,1904,65,4/25,29.29,7.58,23.16,1,0,0
SS Cottrell (KXIP),2020-2020,6,20.0,1,120,176,6,2/17,29.33,8.80,20.00,0,0,0
T Natarajan (KXIP/SRH),2017-2024,61,222.5,2,1337,1969,67,4/19,29.38,8.83,19.95,1,0,0
TU Deshpande (CSK/DC),2020-2024,36,128.5,0,773,1243,42,4/27,29.59,9.64,18.40,1,0,0
V Pratap Singh (DCH),2012-2012,9,34.0,0,204,296,10,2/31,29.60,8.70,20.40,0,0,0
MP Stoinis (DC/KXIP/LSG/RCB),2016-2024,96,133.5,0,803,1274,43,4/15,29.62,9.51,18.67,1,0,0
OF Smith (PBKS),2022-2022,6,15.0,0,90,178,6,4/30,29.66,11.86,15.00,1,0,0
S Sreesanth (Kochi/KXIP/RR),2008-2013,44,146.4,4,880,1190,40,3/29,29.75,8.11,22.00,0,0,0
GD McGrath (DC),2008-2008,14,54.0,2,324,357,12,4/29,29.75,6.61,27.00,1,0,0
LR Shukla (DC/KKR),2008-2014,47,52.2,0,314,447,15,3/6,29.80,8.54,20.93,0,0,0
R Ashwin (CSK/DC/KXIP/RPS/RR),2009-2024,212,754.0,4,4524,5369,180,4/34,29.82,7.12,25.13,1,0,0
KA Jamieson (RCB),2021-2021,9,28.0,0,168,269,9,3/41,29.88,9.60,18.66,0,0,0
Yuvraj Singh (DC/KXIP/MI/PWI/RCB/SRH),2008-2019,132,144.5,0,869,1077,36,4/29,29.91,7.43,24.13,2,0,0
C Sakariya (DC/RR),2021-2023,19,71.0,1,426,599,20,3/31,29.95,8.43,21.30,0,0,0
UT Yadav (DC/GT/KKR/RCB),2010-2024,148,508.2,5,3050,4317,144,4/23,29.97,8.49,21.18,3,0,0
S Kaul (DC/RCB/SRH),2013-2022,55,201.3,3,1209,1739,58,4/29,29.98,8.63,20.84,1,0,0
ST Jayasuriya (MI),2008-2010,30,49.0,1,294,390,13,3/14,30.00,7.95,22.61,0,0,0
K Santokie (MI),2014-2014,2,8.0,0,48,90,3,2/50,30.00,11.25,16.00,0,0,0
SD Chitnis (KXIP/MI/RR),2008-2012,11,6.0,0,36,60,2,2/40,30.00,10.00,18.00,0,0,0
AB Dinda (DC/KKR/PWI/RCB/RPS),2008-2017,78,252.4,3,1516,2073,69,4/18,30.04,8.20,21.97,1,0,0
JP Faulkner (GL/KXIP/PWI/RR),2011-2017,60,204.3,4,1227,1778,59,5/16,30.13,8.69,20.79,0,2,0
RG Sharma (DCH/MI),2008-2024,257,56.3,0,339,453,15,4/6,30.20,8.01,22.60,1,0,0
Mohammed Siraj (RCB/SRH),2017-2024,93,326.2,4,1958,2822,93,4/21,30.34,8.64,21.05,2,0,0
V Vyshak (RCB),2023-2024,11,38.3,0,231,395,13,3/20,30.38,10.25,17.76,0,0,0
RA Jadeja (CSK/GL/Kochi/RR),2008-2024,240,638.1,2,3829,4864,160,5/16,30.40,7.62,23.93,3,1,0
Shoaib Ahmed (DCH),2009-2009,8,17.0,0,102,152,5,2/20,30.40,8.94,20.40,0,0,0
PV Tambe (GL/RR),2013-2016,33,110.0,0,660,853,28,4/20,30.46,7.75,23.57,1,0,0
Yudhvir Singh (LSG),2023-2024,5,12.0,0,72,122,4,2/19,30.50,10.16,18.00,0,0,0
SN Thakur (CSK/DC/KKR/KXIP/RPS),2015-2024,95,311.0,3,1866,2869,94,4/36,30.52,9.22,19.85,1,0,0
PJ Cummins (DC/KKR/SRH),2014-2024,58,219.5,2,1319,1923,63,4/34,30.52,8.74,20.93,1,0,0
AR Patel (DC/KXIP),2014-2024,150,516.3,2,3099,3758,123,4/21,30.55,7.27,25.19,1,0,0
MC Henriques (DC/KKR/PBKS/RCB/SRH),2009-2021,62,158.2,0,950,1289,42,3/12,30.69,8.14,22.61,0,0,0
KP Pietersen (DC/RCB/RPS),2009-2016,36,29.0,0,174,215,7,2/31,30.71,7.41,24.85,0,0,0
FH Edwards (DCH),2009-2009,6,23.2,1,140,154,5,2/27,30.80,6.60,28.00,0,0,0
JB Little (GT),2023-2024,11,38.0,0,228,339,11,4/45,30.81,8.92,20.72,1,0,0
VG Arora (KKR/PBKS),2022-2024,20,63.5,0,383,586,19,3/27,30.84,9.18,20.15,0,0,0
SB Jakati (CSK/GL/RCB),2009-2017,59,180.5,1,1085,1451,47,4/22,30.87,8.02,23.08,2,0,0
LH Ferguson (GT/KKR/RCB/RPS),2017-2024,45,159.1,1,955,1426,46,4/28,31.00,8.95,20.76,1,0,0
A Nel (MI),2008-2008,1,3.0,0,18,31,1,1/31,31.00,10.33,18.00,0,0,0
DR Smith (CSK/DCH/GL/MI),2008-2017,91,89.5,0,539,810,26,4/8,31.15,9.01,20.73,1,0,0
Mujeeb Ur Rahman (KXIP/SRH),2018-2021,19,72.2,0,434,592,19,3/27,31.15,8.18,22.84,0,0,0
TS Mills (MI/RCB),2017-2022,10,34.5,0,209,343,11,3/35,31.18,9.84,19.00,0,0,0
Y Nagar (DC),2009-2012,26,11.0,0,66,125,4,2/20,31.25,11.36,16.50,0,0,0
DT Christian (DC/DCH/RCB/RPS),2011-2021,49,147.1,0,883,1192,38,2/10,31.36,8.09,23.23,0,0,0
DL Vettori (DC/RCB),2008-2012,34,129.3,0,777,879,28,3/15,31.39,6.78,27.75,0,0,0
Shivam Mavi (KKR),2018-2022,32,108.1,2,649,942,30,4/21,31.40,8.70,21.63,1,0,0
SJ Srivastava (KXIP),2010-2011,14,47.0,0,282,441,14,2/20,31.50,9.38,20.14,0,0,0
MN Samuels (DC/PWI),2012-2017,15,35.4,0,214,284,9,3/39,31.55,7.96,23.77,0,0,0
KA Pollard (MI),2010-2022,189,248.0,0,1488,2180,69,4/44,31.59,8.79,21.56,1,0,0
S Sandeep Warrier (GT/KKR),2019-2024,10,28.0,0,168,253,8,3/15,31.62,9.03,21.00,0,0,0
J Suchith (DC/MI/SRH),2015-2022,22,70.0,0,420,602,19,2/12,31.68,8.60,22.10,0,0,0
GC Viljoen (KXIP),2019-2019,6,23.0,0,138,222,7,2/39,31.71,9.65,19.71,0,0,0
KP Appanna (RCB),2009-2012,14,36.0,0,216,286,9,4/19,31.77,7.94,24.00,1,0,0
DJG Sammy (RCB/SRH),2013-2015,22,39.2,0,236,350,11,4/22,31.81,8.89,21.45,1,0,0
M Theekshana (CSK),2022-2024,27,104.0,1,624,797,25,4/33,31.88,7.66,24.96,1,0,0
J Botha (DC/KKR/RR),2009-2015,34,115.4,0,694,800,25,3/6,32.00,6.91,27.76,0,0,0
LI Meriwala (DC),2021-2021,1,3.0,0,18,32,1,1/32,32.00,10.66,18.00,0,0,0
N Thushara (MI),2024-2024,7,26.0,0,156,257,8,3/28,32.12,9.88,19.50,0,0,0
RP Meredith (MI/PBKS),2021-2023,18,64.4,0,388,612,19,2/24,32.21,9.46,20.42,0,0,0
JD Unadkat (DC/KKR/LSG/MI/RCB/RPS/RR/SRH),2010-2024,105,355.1,3,2131,3189,99,5/25,32.21,8.97,21.52,0,2,0
J Theron (DCH/KXIP/RR),2010-2015,10,36.0,0,216,293,9,2/17,32.55,8.13,24.00,0,0,0
PJ Sangwan (DC/GL/GT/KKR/MI),2008-2022,42,142.4,1,856,1240,38,3/18,32.63,8.69,22.52,0,0,0
SM Curran (CSK/KXIP/PBKS),2019-2024,59,196.5,0,1181,1900,58,4/11,32.75,9.65,20.36,1,0,0
NLTC Perera (CSK/Kochi/KXIP/MI/RPS/SRH),2010-2016,37,116.2,0,698,1016,31,3/20,32.77,8.73,22.51,0,0,0
IC Pandey (CSK/PWI),2013-2015,25,77.0,4,462,591,18,2/23,32.83,7.67,25.66,0,0,0
TL Suman (DCH/MI/PWI),2009-2013,43,25.0,0,150,197,6,2/14,32.83,7.88,25.00,0,0,0
Yash Dayal (GT/RCB),2022-2024,28,96.1,0,577,920,28,3/20,32.85,9.56,20.60,0,0,0
K Kartikeya (MI),2022-2023,12,39.0,0,234,329,10,2/22,32.90,8.43,23.40,0,0,0
AS Joseph (GT/MI/RCB),2019-2024,22,72.2,1,434,691,21,6/12,32.90,9.55,20.66,0,1,0
KM Asif (CSK/RR),2018-2023,7,22.1,0,133,231,7,2/42,33.00,10.42,19.00,0,0,0
A Uniyal (RR),2010-2010,2,6.0,0,36,66,2,2/41,33.00,11.00,18.00,0,0,0
TK Curran (DC/KKR/RR),2018-2021,13,39.4,0,238,430,13,3/29,33.07,10.84,18.30,0,0,0
BA Bhatt (KXIP),2011-2013,17,49.2,0,296,397,12,4/22,33.08,8.04,24.66,1,0,0
IK Pathan (DC/GL/KXIP/RPS/SRH),2008-2017,103,340.3,10,2043,2649,80,3/24,33.11,7.77,25.53,0,0,0
M Ashwin (KXIP/MI/PBKS/RCB/RPS/RR),2016-2023,44,145.0,0,870,1162,35,3/21,33.20,8.01,24.85,0,0,0
MJ Clarke (PWI),2012-2012,6,11.0,0,66,67,2,1/12,33.50,6.09,33.00,0,0,0
HH Pandya (GT/MI),2015-2024,137,236.2,0,1418,2150,64,3/17,33.59,9.09,22.15,0,0,0
Bipul Sharma (KXIP/SRH),2010-2017,33,71.0,0,426,572,17,2/13,33.64,8.05,25.05,0,0,0
VR Aaron (DC/GT/KXIP/RCB/RR),2011-2022,52,165.4,2,994,1481,44,3/16,33.65,8.93,22.59,0,0,0
YK Pathan (KKR/RR/SRH),2008-2019,174,191.1,1,1147,1415,42,3/20,33.69,7.40,27.30,0,0,0
A Symonds (DCH/MI),2008-2011,39,87.5,0,527,674,20,3/21,33.70,7.67,26.35,0,0,0
P Amarnath (CSK),2008-2008,6,22.0,0,132,236,7,2/29,33.71,10.72,18.85,0,0,0
M de Lange (KKR/MI),2012-2015,5,18.0,1,108,169,5,3/34,33.80,9.38,21.60,0,0,0
AS Rajpoot (CSK/KKR/KXIP/RR),2013-2020,29,88.1,1,529,814,24,5/14,33.91,9.23,22.04,0,1,0
HF Gurney (KKR),2019-2019,8,27.0,0,162,238,7,2/25,34.00,8.81,23.14,0,0,0
Mohammad Hafeez (KKR),2008-2008,8,10.0,0,60,68,2,1/8,34.00,6.80,30.00,0,0,0
Harmeet Singh (RR),2013-2013,1,4.0,0,24,34,1,1/34,34.00,8.50,24.00,0,0,0
SS Sarkar (KKR),2009-2009,2,4.1,0,25,34,1,1/15,34.00,8.16,25.00,0,0,0
LMP Simmons (MI),2014-2017,29,3.0,0,18,34,1,1/34,34.00,11.33,18.00,0,0,0
KH Pandya (LSG/MI),2016-2024,127,353.4,1,2122,2606,76,3/11,34.28,7.36,27.92,0,0,0
Swapnil Singh (KXIP/LSG/RCB),2016-2024,14,27.0,0,162,241,7,2/28,34.42,8.92,23.14,0,0,0
STR Binny (MI/RCB/RR),2010-2019,95,99.0,0,594,758,22,2/14,34.45,7.65,27.00,0,0,0
Mohammad Nabi (MI/SRH),2017-2024,24,69.3,0,417,517,15,4/11,34.46,7.43,27.80,1,0,0
I Sharma (DC/DCH/KKR/KXIP/RPS/SRH),2008-2024,110,384.5,6,2309,3172,92,5/12,34.47,8.24,25.09,0,1,0
SB Styris (CSK/DCH),2008-2011,12,36.0,0,216,276,8,3/32,34.50,7.66,27.00,0,0,0
M Ntini (CSK),2008-2008,9,35.0,2,210,242,7,4/21,34.57,6.91,30.00,1,0,0
Anureet Singh (KKR/KXIP/RR),2009-2018,23,68.4,0,412,623,18,3/23,34.61,9.07,22.88,0,0,0
R Tewatia (DC/GT/KXIP/RR),2014-2024,93,140.3,0,843,1111,32,3/18,34.71,7.90,26.34,0,0,0
M Prasidh Krishna (KKR/RR),2018-2022,51,190.5,3,1145,1703,49,4/30,34.75,8.92,23.36,1,0,0
AG Murtaza (MI/PWI),2010-2013,12,44.0,0,264,313,9,3/15,34.77,7.11,29.33,0,0,0
MS Gony (CSK/DCH/GL/KXIP),2008-2017,44,148.0,3,888,1287,37,3/31,34.78,8.69,24.00,0,0,0
RR Raje (MI),2008-2009,10,23.1,0,139,209,6,2/16,34.83,9.02,23.16,0,0,0
Joginder Sharma (CSK),2008-2011,16,42.4,0,256,419,12,2/27,34.91,9.82,21.33,0,0,0
R Powell (DC/RR),2022-2024,27,3.0,0,18,35,1,1/18,35.00,11.66,18.00,0,0,0
GJ Maxwell (DC/KXIP/MI/RCB),2012-2024,134,157.2,1,944,1303,37,2/15,35.21,8.28,25.51,0,0,0
I Udana (RCB),2020-2020,10,29.0,0,174,282,8,2/41,35.25,9.72,21.75,0,0,0
JH Kallis (KKR/RCB),2008-2014,98,290.2,3,1742,2293,65,3/13,35.27,7.89,26.80,0,0,0
Abhishek Sharma (DC/SRH),2018-2024,63,45.0,0,270,389,11,2/4,35.36,8.64,24.54,0,0,0
J Syed Mohammad (RCB),2011-2013,11,32.0,0,192,283,8,2/15,35.37,8.84,24.00,0,0,0
BA Stokes (CSK/RPS/RR),2017-2023,45,114.5,2,689,992,28,3/15,35.42,8.63,24.60,0,0,0
SC Kuggeleijn (CSK),2019-2019,2,8.0,0,48,71,2,2/37,35.50,8.87,24.00,0,0,0
BAW Mendis (KKR/PWI),2008-2013,10,40.0,0,240,285,8,2/19,35.62,7.12,30.00,0,0,0
R Dhawan (KXIP/MI/PBKS),2013-2024,39,110.2,1,662,891,25,2/14,35.64,8.07,26.48,0,0,0
CJ Jordan (CSK/KXIP/MI/PBKS/RCB/SRH),2016-2023,34,111.2,1,668,1070,30,4/11,35.66,9.61,22.26,1,0,0
LS Livingstone (PBKS/RR),2019-2024,39,43.0,0,258,393,11,3/27,35.72,9.13,23.45,0,0,0
M Jansen (MI/SRH),2021-2024,21,75.0,1,450,715,20,3/25,35.75,9.53,22.50,0,0,0
AM Nayar (KXIP/MI/PWI/RR),2008-2014,60,38.1,0,229,322,9,3/13,35.77,8.43,25.44,0,0,0
Harpreet Brar (KXIP/PBKS),2019-2024,41,113.1,1,679,895,25,4/30,35.80,7.90,27.16,1,0,0
Washington Sundar (RCB/RPS/SRH),2017-2024,60,175.4,1,1054,1325,37,3/16,35.81,7.54,28.48,0,0,0
S Dube (CSK/RCB/RR),2019-2024,65,18.4,0,112,180,5,2/15,36.00,9.64,22.40,0,0,0
BMAJ Mendis (DC),2013-2013,3,5.0,0,30,36,1,1/16,36.00,7.20,30.00,0,0,0
P Kumar (GL/KXIP/MI/RCB/SRH),2008-2017,119,420.4,14,2524,3251,90,3/18,36.12,7.72,28.04,0,0,0
JP Duminy (DC/DCH/MI),2009-2018,83,113.0,0,678,834,23,4/17,36.26,7.38,29.47,1,0,0
SC Ganguly (KKR/PWI),2008-2012,59,46.0,0,276,363,10,2/21,36.30,7.89,27.60,0,0,0
RJW Topley (RCB),2023-2024,5,17.0,0,102,182,5,2/27,36.40,10.70,20.40,0,0,0
Mohammad Asif (DC),2008-2008,8,32.0,0,192,296,8,2/19,37.00,9.25,24.00,0,0,0
TG Southee (CSK/KKR/MI/RCB/RR),2011-2023,54,201.0,2,1206,1742,47,3/20,37.06,8.66,25.65,0,0,0
S Nadeem (DC/SRH),2011-2021,72,235.5,2,1415,1784,48,3/16,37.16,7.56,29.47,0,0,0
S Randiv (CSK),2011-2011,8,29.0,0,174,223,6,2/24,37.16,7.68,29.00,0,0,0
Suyash Sharma (KKR),2023-2024,13,43.0,0,258,372,10,3/30,37.20,8.65,25.80,0,0,0
DR Sams (DC/MI/RCB),2020-2022,16,60.0,0,360,523,14,4/30,37.35,8.71,25.71,1,0,0
Ankit Sharma (DCH/RPS/RR/SRH),2012-2018,22,61.1,0,367,450,12,2/20,37.50,7.35,30.58,0,0,0
Rasikh Salam (DC/KKR/MI),2019-2024,11,32.3,0,195,339,9,3/34,37.66,10.43,21.66,0,0,0
SH Johnson (GT),2024-2024,5,16.0,0,96,151,4,2/25,37.75,9.43,24.00,0,0,0
Fazalhaq Farooqi (SRH),2022-2023,7,25.2,0,152,227,6,2/32,37.83,8.96,25.33,0,0,0
JD Ryder (PWI/RCB),2009-2012,29,39.2,1,236,303,8,2/14,37.87,7.70,29.50,0,0,0
AS Tendulkar (MI),2023-2024,5,12.1,0,73,114,3,1/9,38.00,9.36,24.33,0,0,0
AS Roy (KKR/MI),2019-2024,11,22.4,0,136,191,5,2/19,38.20,8.42,27.20,0,0,0
V Shankar (CSK/DC/GT/SRH),2014-2024,72,39.4,0,238,344,9,2/19,38.22,8.67,26.44,0,0,0
Basil Thampi (GL/MI/SRH),2017-2022,25,86.5,1,521,846,22,3/29,38.45,9.74,23.68,0,0,0
K Gowtham (KXIP/LSG/RR),2018-2024,36,98.0,1,588,808,21,2/12,38.47,8.24,28.00,0,0,0
JDP Oram (CSK/MI/RR),2008-2013,18,39.3,0,237,349,9,3/32,38.77,8.83,26.33,0,0,0
IC Porel (PBKS),2021-2021,1,4.0,0,24,39,1,1/39,39.00,9.75,24.00,0,0,0
JR Hopes (DC/KXIP),2008-2011,21,60.0,0,360,548,14,2/2,39.14,9.13,25.71,0,0,0
V Sehwag (DC/KXIP),2008-2015,104,22.4,0,136,235,6,2/18,39.16,10.36,22.66,0,0,0
ND Doshi (RCB/RR),2010-2011,4,9.2,0,56,79,2,1/15,39.50,8.46,28.00,0,0,0
D Pretorius (CSK),2022-2023,7,25.0,0,150,238,6,2/30,39.66,9.52,25.00,0,0,0
AB Agarkar (DC/KKR),2008-2013,42,130.2,0,782,1151,29,3/25,39.68,8.83,26.96,0,0,0
Shahbaz Ahmed (RCB/SRH),2020-2024,55,89.3,0,537,837,21,3/7,39.85,9.35,25.57,0,0,0
AD Mathews (DC/KKR/PWI),2009-2017,49,131.5,0,791,1079,27,4/19,39.96,8.18,29.29,1,0,0
T Henderson (RR),2009-2009,2,6.0,0,36,40,1,1/30,40.00,6.66,36.00,0,0,0
AJ Hosein (SRH),2023-2023,1,4.0,0,24,40,1,1/40,40.00,10.00,24.00,0,0,0
AA Noffke (RCB),2008-2008,1,4.0,0,24,40,1,1/40,40.00,10.00,24.00,0,0,0
B Akhil (Kochi/RCB),2008-2011,15,31.2,0,188,242,6,2/17,40.33,7.72,31.33,0,0,0
S Narwal (KKR/RR),2010-2013,7,17.4,0,106,202,5,3/36,40.40,11.43,21.20,0,0,0
CH Gayle (KKR/KXIP/PBKS/RCB),2009-2021,142,92.2,0,554,729,18,3/21,40.50,7.89,30.77,0,0,0
RR Powar (Kochi/KXIP),2008-2012,27,71.0,0,426,527,13,2/11,40.53,7.42,32.76,0,0,0
AA Chavan (RR),2011-2013,13,41.2,0,248,326,8,2/23,40.75,7.88,31.00,0,0,0
Shivam Sharma (KXIP),2014-2015,5,19.0,0,114,165,4,2/26,41.25,8.68,28.50,0,0,0
C Green (MI/RCB),2023-2024,29,73.1,0,439,664,16,2/12,41.50,9.07,27.43,0,0,0
AN Ahmed (MI/RCB),2010-2015,17,57.2,1,344,498,12,2/13,41.50,8.68,28.66,0,0,0
R Shukla (DC/MI/RR),2012-2014,7,20.0,0,120,208,5,2/28,41.60,10.40,24.00,0,0,0
JDS Neesham (DC/KXIP/MI/RR),2014-2022,14,36.0,0,216,334,8,3/12,41.75,9.27,27.00,0,0,0
K Yadav (RR),2021-2023,3,9.0,0,54,84,2,1/18,42.00,9.33,27.00,0,0,0
SS Agarwal (GL),2017-2017,1,4.0,0,24,42,1,1/42,42.00,10.50,24.00,0,0,0
PM Sarvesh Kumar (DCH),2008-2008,2,5.0,0,30,42,1,1/18,42.00,8.40,30.00,0,0,0
BB Sran (KXIP/MI/RR/SRH),2015-2019,24,80.3,0,483,757,18,3/28,42.05,9.40,26.83,0,0,0
NA Saini (RCB/RR),2019-2023,32,109.4,1,658,974,23,3/40,42.34,8.88,28.60,0,0,0
Lalit Yadav (DC),2021-2024,27,48.0,0,288,425,10,2/11,42.50,8.85,28.80,0,0,0
Shoaib Malik (DC),2008-2008,7,8.3,0,51,85,2,1/6,42.50,10.00,25.50,0,0,0
Pankaj Singh (RCB/RR),2008-2012,17,50.0,1,300,468,11,2/18,42.54,9.36,27.27,0,0,0
BCJ Cutting (MI/RR/SRH),2014-2019,21,46.5,0,281,429,10,2/20,42.90,9.16,28.10,0,0,0
JJ van der Wath (RCB),2011-2011,3,12.0,0,72,129,3,2/49,43.00,10.75,24.00,0,0,0
K Khejroliya (KKR/RCB),2018-2023,7,20.1,0,121,217,5,2/33,43.40,10.76,24.20,0,0,0
KC Cariappa (KKR/KXIP),2015-2019,11,36.0,0,216,348,8,2/16,43.50,9.66,27.00,0,0,0
VS Malik (KXIP/RR),2009-2014,13,34.1,0,205,261,6,2/14,43.50,7.63,34.16,0,0,0
D Kalyankrishna (DCH),2008-2008,3,8.0,0,48,87,2,1/30,43.50,10.87,24.00,0,0,0
B Lee (KKR/KXIP),2008-2013,38,145.5,3,875,1095,25,3/15,43.80,7.50,35.00,0,0,0
JPR Scantlebury-Searles (KKR),2018-2018,4,7.0,0,42,89,2,1/24,44.50,12.71,21.00,0,0,0
SK Raina (CSK/GL),2008-2021,205,151.2,0,908,1118,25,2/0,44.72,7.38,36.32,0,0,0
M Kartik (KKR/KXIP/PWI/RCB),2008-2014,56,191.4,1,1150,1388,31,3/17,44.77,7.24,37.09,0,0,0
S Ladda (DC/GL/KKR),2010-2016,9,23.0,0,138,224,5,2/44,44.80,9.73,27.60,0,0,0
GHS Garton (RCB),2021-2021,5,15.0,0,90,135,3,1/27,45.00,9.00,30.00,0,0,0
R McLaren (KKR/KXIP/MI),2010-2013,18,59.0,0,354,542,12,2/28,45.16,9.18,29.50,0,0,0
VRV Singh (KXIP),2008-2010,19,60.0,0,360,542,12,3/29,45.16,9.03,30.00,0,0,0
DJ Willey (CSK/RCB),2018-2023,11,36.0,1,216,272,6,2/16,45.33,7.55,36.00,0,0,0
Akash Singh (CSK/RR),2021-2023,7,23.0,0,138,227,5,2/40,45.40,9.86,27.60,0,0,0
AU Rashid (PBKS/SRH),2021-2023,3,10.0,0,60,91,2,2/23,45.50,9.10,30.00,0,0,0
Akash Deep (RCB),2022-2024,8,27.2,1,164,319,7,3/45,45.57,11.67,23.42,0,0,0
Azmatullah Omarzai (GT),2024-2024,7,21.0,0,126,186,4,2/27,46.50,8.85,31.50,0,0,0
AF Milne (CSK/MI/RCB),2016-2022,10,34.3,0,207,327,7,2/21,46.71,9.47,29.57,0,0,0
Gagandeep Singh (KXIP),2008-2008,4,14.0,0,84,141,3,1/33,47.00,10.07,28.00,0,0,0
Sikandar Raza (PBKS),2023-2024,9,14.0,0,84,141,3,1/19,47.00,10.07,28.00,0,0,0
RN ten Doeschate (KKR),2011-2015,29,13.0,0,78,94,2,1/7,47.00,7.23,39.00,0,0,0
GH Vihari (DC/SRH),2013-2019,24,7.0,0,42,47,1,1/5,47.00,6.71,42.00,0,0,0
CJ Anderson (DC/MI/RCB),2014-2018,30,49.3,0,297,518,11,2/18,47.09,10.46,27.00,0,0,0
Kartik Tyagi (GT/RR/SRH),2020-2024,20,70.2,0,422,713,15,2/29,47.53,10.13,28.13,0,0,0
VR Iyer (KKR),2021-2024,51,13.3,0,81,143,3,2/29,47.66,10.59,27.00,0,0,0
PVD Chameera (KKR/LSG),2022-2024,13,47.0,0,282,432,9,2/17,48.00,9.19,31.33,0,0,0
AL Menaria (RR),2011-2013,29,18.2,0,110,144,3,2/20,48.00,7.85,36.66,0,0,0
P Sahu (KXIP),2016-2016,5,17.3,0,105,146,3,2/18,48.66,8.34,35.00,0,0,0
S Tyagi (CSK),2009-2010,14,34.5,0,209,295,6,2/18,49.16,8.46,34.83,0,0,0
S Kaushik (GL),2016-2017,10,34.0,0,204,297,6,3/20,49.50,8.73,34.00,0,0,0
DNT Zoysa (DCH),2008-2008,3,11.0,0,66,99,2,1/30,49.50,9.00,33.00,0,0,0
DP Vijaykumar (DCH),2008-2008,9,25.2,0,152,199,4,1/17,49.75,7.85,38.00,0,0,0
WG Jacks (RCB),2024-2024,8,9.0,0,54,100,2,1/23,50.00,11.11,27.00,0,0,0
Arshad Khan (LSG/MI),2023-2024,10,24.2,0,146,304,6,3/39,50.66,12.49,24.33,0,0,0
SSB Magala (CSK),2023-2023,2,6.0,0,36,51,1,1/37,51.00,8.50,36.00,0,0,0
JA Richardson (DC/PBKS),2021-2024,4,15.0,0,90,157,3,2/41,52.33,10.46,30.00,0,0,0
A Flintoff (CSK),2009-2009,3,11.0,0,66,105,2,1/11,52.50,9.54,33.00,0,0,0
D Jansen (MI),2023-2023,1,4.0,0,24,53,1,1/53,53.00,13.25,24.00,0,0,0
DJ Hooda (KXIP/LSG/PBKS/RR/SRH),2015-2024,118,62.1,0,373,531,10,2/16,53.10,8.54,37.30,0,0,0
C de Grandhomme (KKR/RCB),2017-2019,25,36.0,0,216,319,6,3/4,53.16,8.86,36.00,0,0,0
SB Bangar (DCH/KKR),2008-2009,12,25.0,0,150,219,4,2/34,54.75,8.76,37.50,0,0,0
J Yadav (DC/GT/MI),2015-2023,20,65.0,0,390,445,8,1/8,55.62,6.84,48.75,0,0,0
Y Venugopal Rao (DC/DCH/SRH),2008-2014,65,36.0,0,216,337,6,2/23,56.16,9.36,36.00,0,0,0
LE Plunkett (DC),2018-2018,7,25.0,0,150,225,4,3/17,56.25,9.00,37.50,0,0,0
Abdul Samad (SRH),2020-2024,50,9.0,0,54,113,2,1/9,56.50,12.55,27.00,0,0,0
TM Head (RCB/SRH),2016-2024,25,9.4,0,58,113,2,2/30,56.50,11.68,29.00,0,0,0
KL Nagarkoti (DC/KKR),2020-2022,12,30.0,0,180,285,5,2/13,57.00,9.50,36.00,0,0,0
A Kamboj (MI),2024-2024,3,10.0,0,60,114,2,1/24,57.00,11.40,30.00,0,0,0
Y Prithvi Raj (KKR),2019-2019,2,5.0,0,30,57,1,1/29,57.00,11.40,30.00,0,0,0
RG More (CSK),2015-2015,2,5.5,0,35,59,1,1/31,59.00,10.11,35.00,0,0,0
SE Rutherford (DC/RCB),2019-2022,10,6.5,0,41,59,1,1/6,59.00,8.63,41.00,0,0,0
DJ Hussey (CSK/KKR/KXIP),2008-2014,64,52.5,0,317,474,8,2/2,59.25,8.97,39.62,0,0,0
CJ McKay (MI),2012-2012,2,7.0,0,42,60,1,1/36,60.00,8.57,42.00,0,0,0
T Shamsi (RCB/RR),2016-2021,5,20.0,0,120,181,3,1/21,60.33,9.05,40.00,0,0,0
LJ Wright (PWI),2012-2013,7,11.5,0,71,124,2,1/12,62.00,10.47,35.50,0,0,0
HR Shokeen (MI),2022-2023,13,34.0,0,204,314,5,2/34,62.80,9.23,40.80,0,0,0
R Shepherd (LSG/MI/SRH),2022-2024,10,21.0,0,126,257,4,2/42,64.25,12.23,31.50,0,0,0
AJ Finch (DC/GL/KKR/KXIP/MI/PWI/RCB/RR/SRH),2010-2022,92,7.1,0,43,67,1,1/11,67.00,9.34,43.00,0,0,0
A Mithun (RCB),2009-2013,16,48.0,0,288,472,7,2/37,67.42,9.83,41.14,0,0,0
Parvez Rasool (PWI/RCB/SRH),2013-2016,11,33.0,0,198,271,4,1/20,67.75,8.21,49.50,0,0,0
FA Allen (MI/PBKS),2021-2022,5,15.0,1,90,136,2,1/22,68.00,9.06,45.00,0,0,0
K Nitish Kumar Reddy (SRH),2023-2024,15,18.1,0,109,207,3,2/17,69.00,11.39,36.33,0,0,0
RJ Gleeson (CSK),2024-2024,2,7.5,0,47,71,1,1/30,71.00,9.06,47.00,0,0,0
M Siddharth (LSG),2024-2024,3,9.0,0,54,71,1,1/21,71.00,7.88,54.00,0,0,0
Ankit Soni (GL),2017-2017,7,18.1,0,109,144,2,1/16,72.00,7.92,54.50,0,0,0
LB Williams (DC),2024-2024,2,6.0,0,36,72,1,1/38,72.00,12.00,36.00,0,0,0
TM Dilshan (DC/RCB),2008-2013,52,45.1,0,271,366,5,1/3,73.20,8.10,54.20,0,0,0
P Suyal (MI),2013-2015,5,16.0,0,96,151,2,1/21,75.50,9.43,48.00,0,0,0
R Parag (RR),2019-2024,70,29.1,0,175,307,4,1/7,76.75,10.52,43.75,0,0,0
R Sathish (KKR/KXIP/MI),2010-2016,34,23.1,0,139,232,3,1/11,77.33,10.01,46.33,0,0,0
D Salunkhe (RR),2008-2008,6,8.0,0,48,78,1,1/21,78.00,9.75,48.00,0,0,0
SB Joshi (RCB),2008-2008,4,9.1,0,55,82,1,1/27,82.00,8.94,55.00,0,0,0
GS Sandhu (DC),2015-2015,3,8.0,0,48,82,1,1/33,82.00,10.25,48.00,0,0,0
MK Tiwary (DC/KKR/KXIP/RPS),2008-2018,98,7.0,0,42,83,1,1/11,83.00,11.85,42.00,0,0,0
AK Markram (PBKS/SRH),2021-2024,44,20.1,0,121,172,2,1/8,86.00,8.52,60.50,0,0,0
V Viyaskanth (SRH),2024-2024,3,10.0,0,60,86,1,1/37,86.00,8.60,60.00,0,0,0
CL White (DCH/RCB/SRH),2008-2013,47,7.0,0,42,86,1,1/14,86.00,12.28,42.00,0,0,0
KJ Abbott (KXIP),2016-2016,5,16.0,0,96,177,2,1/38,88.50,11.06,48.00,0,0,0
KT Maphaka (MI),2024-2024,2,6.0,0,36,89,1,1/23,89.00,14.83,36.00,0,0,0
MJ Henry (KXIP/LSG),2017-2024,6,17.0,0,102,181,2,1/28,90.50,10.64,51.00,0,0,0
P Dubey (DC),2020-2023,4,11.0,0,66,91,1,1/19,91.00,8.27,66.00,0,0,0
B Geeves (DC),2008-2008,2,8.0,0,48,91,1,1/50,91.00,11.37,48.00,0,0,0
V Kohli (RCB),2008-2024,252,41.5,0,251,368,4,2/25,92.00,8.79,62.75,0,0,0
L Wood (MI),2024-2024,2,6.0,0,36,93,1,1/68,93.00,15.50,36.00,0,0,0
DJ Mitchell (CSK/RR),2022-2024,15,8.0,0,48,97,1,1/18,97.00,12.12,48.00,0,0,0
MJ Dagar (RCB/SRH),2023-2024,8,22.5,0,137,203,2,1/23,101.50,8.89,68.50,0,0,0
SA Abbott (RCB/SRH),2015-2022,3,9.0,0,54,104,1,1/47,104.00,11.55,54.00,0,0,0
MK Lomror (RCB/RR),2018-2024,40,15.0,0,90,127,1,1/22,127.00,8.46,90.00,0,0,0
AA Jhunjhunwala (DCH/PWI/RR),2010-2012,21,14.1,0,85,129,1,1/13,129.00,9.10,85.00,0,0,0
TP Sudhindra (DCH),2012-2012,3,11.4,0,70,136,1,1/46,136.00,11.65,70.00,0,0,0
